0x00000031bab7f8e71868b4d463ec638a09b9582c,1
0x000000b61c4d85800fab111dcb38c111bbb78781,1
0x003addda0586e9cc879cdc96c405af660250348f,1
0x0091b7533ade15e8582a979723c1ff8d0469fedf,1
0x00e8e7fb83cf0831e770fdfc85ef6e592b0063e4,1
0x014603be2f4e4baa0c69945559c3f6b422ab8796,1
0x01463f9a84894592eb0564b1fee9b990aad0ba37,1
0x015f766b6fa19f75bd78c9f7a46828707a35e860,1
0x0180927b59fc9435723e974da015bc722456139d,1
0x01a24cb8d73080acdc8205ddde127adfb41bf18f,1
0x01f094ad9e7f69f740490dd7bdf2c21823dd5079,1
0x024adb1650d3247f8aa18b91d91c95bbdd0a85dd,1
0x0272d322a1071ec9a95d3474c2473cff0c28c416,1
0x028bd1e65b25ca2fbaa177b5d2c3257142c1fe8e,1
0x02907c51b080b6527280e113ec7ef24c3814365b,1
0x031c939b85565e107bbde4349ced8d1d3aab7d9a,1
0x032cb1c800cc57571c68aae717560ad2b49406f4,1
0x03838c4717c8312a9c960ea5c0244cc2a674825f,1
0x0405cdf35817fbb000774ea32d1ec467f719ba91,1
0x0476fc79c97f68e3e32c37b83691d99da5464cec,1
0x04c70730fd500d61e15e18d350045af01062db14,1
0x04ca5b4ffc26c8c554c83dadfe7a8d2ef9bf5560,1
0x057561523e7819d19d7690eca2ff05a138fc3b4f,1
0x058fa7a78d81e4590e686bce7b97af586a4862a2,1
0x05afe80feec381a4455035b057c92dbd5efcad80,1
0x05bf10c3235d52a0c095693ec102964ae78057d5,1
0x06c5606ff51ea7c1908f8f88056333dfcedd940c,1
0x06ea3b4fc6e7f8e8ceb712b641c49479963cca46,1
0x07b73bc8487f8bf594aef399136b836b2382c2fc,1
0x07d664638d74002f1399fa285041e581108f2e3f,1
0x080dafc7f1fb1d4029698d4ddf2a259879fa1a87,1
0x081c235ae0ac8f6222e830306ad95e0b31f6a9cf,1
0x0852c599601ea296942b8aafad930c94c50d2b29,1
0x0864c1f065ff5564f4649a58a516c7f7c20bc369,1
0x089bdff2e7d43528c02bc15398c39be4c36e9303,1
0x08a2d3ead088618719147574a7112de74c408eee,1
0x08b49290fccbb908cd6771659aa3967a40f30b97,1
0x0936e44306de908052d62a8cc8f193b817faa349,1
0x09710cbd4d4de0df4c2d590609edb133d30f2f68,1
0x098eb7a11ceaa5f53022144e9a3c15604300ffb9,1
0x09e67fc816a29cd540e8f13abbbbbbcd8f55b08d,1
0x09f213953d92f865b949b3e39b9dcfae687d4966,1
0x0a4604006b604cb32b0c6c88b5a2dfb3ff3ead8d,1
0x0a472767d714cf5893ff5f65c4b16fe4f0610939,1
0x0a62e8bc377a0b3ec593556bf67725392c3f1f44,1
0x0a95be584c72eca0f18808ff35dd8fc4a2ee4c59,1
0x0b084f50b944a74e77692b5b1f464bc9d30e9af0,1
0x0b99c69c2d7a71fb372acf2756e315a18e5150b1,1
0x0be7b271ba03874ad78d712246066c20c81693d3,1
0x0c384932f442467c23f8980d40989de3386f1242,1
0x0c4579da2a1b1a99f92e0057535ae76aae9c2a9e,1
0x0c8525ee96d8b27928ee679deb6f326c9f1b7252,1
0x0d241809a2129d241f4d8218089246fea855e113,1
0x0d508968c96d6436f8097513a182992d621fa877,1
0x0daa08c9a794f5be5e0c2a0b5410b3ca0edd9cb9,1
0x0db71f507dd156ef834bd916f6f344e6a0f936dd,1
0x0e03c68327947446515b1ec6d1dd2a8c6758d299,1
0x0eb77aa3f3fe725ce38117b0f4667e0c556ca0a5,1
0x0ebd94aa79d65477bd464d7390641ff23c0360cc,1
0x0eeac81cf8218691721a57cbee4ed59770b02f8e,1
0x0f3c5e934effdc85df5de68e0f96039dee07d4bb,1
0x0f9ec279d6c990493805391ed2a7ac6fb89eee26,1
0x0fb6b07c2e7e9eada6548b3da9997a19a9658841,1
0x100d878fce93e8da7a0866f24425cb4f410c41ee,1
0x1054bd99ae7d79ee2ffc4b2735ab561f8a43e39b,1
0x1060cebc5acc5bca2265b1a03b79c10a2df27c79,1
0x10789878f00e551b6cb48f26729c9abdf6c669d7,1
0x10859ae8a949461d0ce4b8607ec98d31cf011a63,1
0x108cd796f415e1bc04a2d239a4f778a6733fc35b,1
0x10a0558e3586e5da38a7127e9f73e0f6abf634c2,1
0x10b4ee99f35df1fde98226ef7438fec12909ef96,1
0x10cd9c2be4764497e8c75f6a1827cebd854e877f,1
0x10e3f7a0dfb0e7f500ca60061dd0fd8325e71b2d,1
0x10e7b9e2cd1dbfd4b9d2ffbab83e53b47701e8bf,1
0x1132a8799c89538ce616bcd886e69afe2d5a0ea2,1
0x11590b8b4f62e52f5081f5c9c416cd3b01866988,1
0x116c93aebd1508aee97d6c2f35ac4b87954069fd,1
0x117c89850b3ee64606785ddf2e00182ac79467ae,1
0x11be2fec0fbe63df54c7431d0342cc1d79ddc851,1
0x11c396d1ea1936234eb6683ad905fe57d872aa91,1
0x11e14b7a383f3d7b82dd63da8f9b6b4d6c392b6e,1
0x11f81bf5ad3f7e373adcacfc59940b1eb4e6f3da,1
0x1225a61c2a367d7a45197b086acdcf2c195482c3,1
0x1226ff858c262d499af401145beabebf3312e856,1
0x122ab8b068e77415ad8a6cceef833f0a5ee81743,1
0x12b8607bdcd50d0d5ae82c0a248c3661b7918cca,1
0x12ec400b2910950436d4cd2ec10c093436b358c4,1
0x12ef58947285f01ce8d8ecd90b3ea384b022cd1c,1
0x1345a8526f0fbe5cd1465eb93de6dd3769a5f5b1,1
0x1381e41841714ebff9b96c7240fd1e257f85811a,1
0x13ae7d65560e668aeb788ee28944d3fa3931d123,1
0x13f96f650273e859ab698a477ce4f7a4e5e00613,1
0x143574d0b9a1f08c22befa418e5898004670abf6,1
0x143b6c4eb1f50eafb557afb6c8816ccb99825f38,1
0x146b642222025e2c6339ee082d1a6d002707c06e,1
0x1557ee78ab23f7264366a055ecace48390b5b0c7,1
0x1588dc751d03ee53c766f85bffb87838cb129ac5,1
0x158fc5c57c179139078732b7746acfbb2122de95,1
0x159a753db06231a013ba8404f14bf71650ce0dbd,1
0x159f78c3b5c9410e93c11f5a66124d20422b9242,1
0x15d3e6478f91f12cc0f5d8c53daf32f6e4ab1f2c,1
0x15df9e59a4589b00f2be957dc42239e31df72950,1
0x1604efa11c5b7392bfd161f6194eb7d636e01c31,1
0x163819612f2177b0c09900d8968fec8f6222d29c,1
0x163afb1bd8c18f8a9bc1f679c98317e0400ceab1,1
0x168f87fbfe36b84e44b9d06278b2aa1cc73d7400,1
0x16c2f1168a2f2fd6c84875a3dc6f1cde6eb204d5,1
0x16e924b1706c143e0e0de5178f5f3871a68e5f48,1
0x171acfc70c87c6872ea83d2f91330d2d6af460c0,1
0x178a71d79a921d865c226ca93be8a8778a3e3b31,1
0x17b56b50973899c179de837532647a0d22872bf6,1
0x186843f9a64d3a9be514b124f6b24256afab9a75,1
0x189fff47143b47794eef46d49f54c304b1b0b67c,1
0x18c4b2d57a297b6e38e5d3ddb25d34da2e046a58,1
0x18c692274c6198f5beeecca202c6e219eab0df84,1
0x18ef3e242a6e8a660e36ebd64949520f116a7d51,1
0x1919be12fde1fc1780ff783471dcd43a0d3e3838,1
0x198dd611bc7482c274283bd3beaf86418fada0ae,1
0x19a9cd92b3e6c3921abc4f239f553939984c636f,1
0x1a30254019b2dfbc7dd54b651458482b9451e821,1
0x1abda7da6093d9efc24f6116bc7e49cdb1808a31,1
0x1b6a83f6fcf3ab0879199350f4556aecf42a6180,1
0x1bfef10693dd39a78afd9c90ad9b16a779c4e538,1
0x1c5bae0fb00eac3c60b2a1ffc0120f97ac0b65d6,1
0x1d2622961ef6997deb6b4ffd3a81627a3fdc13a5,1
0x1d766be08132039b9c94e86415ae0b4d5778f181,1
0x1dd03f57eb2016622fdc6e11fff7a736e984c96e,1
0x1e4a204acb0f306ac3a752acd37a29b2d45502da,1
0x1e8b2e64020348e6d12f67615b0de751302d95f1,1
0x1ea8544ba9d0be1f5c6ef07c05d63b5726700e22,1
0x1ec2ff7a371fab19bef62a5f285fb09bf88c904c,1
0x1f2dabf6f7dcbea088ab50aacd180fe92564b354,1
0x1f378e93bf6100de8e1da65ac9487a1227c88e3f,1
0x1f659a61c1799a366f88ec4a7a945e242ffdc2bb,1
0x1f6ff8058177a6919cffeee3c9f31891b259ea48,1
0x1f8ee652526d93ce4646aecc56b950900ced2e1a,1
0x1fa406da31eea33752481c526a249c06279fd9a5,1
0x1fa6584c0341af350792ce5d7daa5cc854a897ea,1
0x1fe09e6d250de7165cf12b202997ca8b407dcaac,1
0x200e61f6394bc6a87b85eb54ba5716e3415033c7,1
0x2020d25530cf90f48f176da7cd3d3c1cd282d400,1
0x2042c1a187bec973b04801f2cc652e3094eb9168,1
0x205d66b1a91e6338368d81db1ad8caf7df07564c,1
0x205d8441cd65540dc9ca629b4beaccd60a26c919,1
0x20834db52c8de46552f83a7d643b0fe12aa46d69,1
0x2096f92305f3e3c6fc5749d09084cadb7b8568ab,1
0x20b278b9a6715fce84f39bb58382c956cb5c391d,1
0x20ca8e6a16e113392f3e2cc6b05f57fcf2aba323,1
0x213e4a0362ae7eb894dd712888e6ae20e5614c8e,1
0x2161758bef107111235c136368fcc377f56a73ac,1
0x21e933ccefc74fbcec0e9e37264ff2d9f3087c36,1
0x21ea30273fb59f1e444d661d82f259c5fcfed550,1
0x21f6bd5fe58db8d9693737bc1d43c35dcc6ea4ef,1
0x22072c5bb327d004c5419f8e0746a70121735fbc,1
0x223ca8e76e3fc3207cae28625f8e8fd3458a6e84,1
0x224da825e0c96fc56689ef47ea9b3822ee85e5ef,1
0x228a131932c1c5f37f8a957aeec97bac0ce5470e,1
0x229b0da357cd4f3a5d8fd5af5788fc445e18d053,1
0x22c5b360a725d4983e4f5f48ac4f474b364f5e43,1
0x2377b5fbb0c02eeb7e2f3b570e6cf4668559f939,1
0x2390cf638130f6927ab6e3312d496e0fa9285dce,1
0x23962c4fabdbb7869609e17ce777083cf8341517,1
0x242fa0be7bc06f1cb3f18a555effa62991f5f8e8,1
0x2440512ce2dc390a838f32d84a4533b53b7c99b0,1
0x249f8ede06d1b2b4793629a9f262aee848152ef9,1
0x24a000804704b9557466382a806b6baa31cf574c,1
0x24aaf201e7d75797c5f1dfee9e961724b056c777,1
0x24b27a22568057d47c7deadddc7ef0b16a6a6c27,1
0x24caa63ed5fbb4e3eba71d5e10930fdae1eb7171,1
0x251308754035f423609fca98b2f295c3529e6995,1
0x25130ee7d0693aa4994b702de3fbd1d61d43c438,1
0x252a99e13f904e4eeac7c2ad20a29510a001b6c6,1
0x25540120e58e8f43ab2894434d740539ec89164a,1
0x25658ce7e443f2607bbf70a0c19c5d9988542cc6,1
0x25e5a23a422f260a37e1f74365be112dc47ba4a2,1
0x25ecd0f9b94659d918844b633422863b9210c5b0,1
0x262065ce46f223d9a15dd1737b1de2869fc21e65,1
0x26538410190c473cc03a5e0ac617af55d50f7e31,1
0x2658dffe87d9e08dc003b78375f403c6dd172841,1
0x268ef519edbf507ed9ff31a3eae96c82cbe1bb0b,1
0x26ba6bd8781f19de77b43bb3aa9d7dd8c665b6b5,1
0x278630ea82e0de47848d59686a67ee53bc5aeb1e,1
0x27bc9d139d5aca912edb72eff32cbd22d7e318f6,1
0x27f109509fa4d5c18248d26331f6abe652ec3ed2,1
0x281ad9f2138ec59c3a9e7e4c98728c93eed868af,1
0x285185692c524fc3052e1706e0b400428e7f165a,1
0x285ae8c93bb1fbc5af7203b63db7752a0ef741d3,1
0x28a62f5c002401683d63be20f53768f5c1c6e2cf,1
0x28b70156ac20092a961c04aceead0de2e57aed89,1
0x28bf2713b759e46ee7d2654746e04efa4d38ee45,1
0x28c9d9516c4a65df46d90516a5b8ff6903f86735,1
0x2930cfb1b713811776b7aabed9583659db725c66,1
0x2957c2968ebcb91f5683768a9bdc468d08c2a2c2,1
0x2988898307260eb238f02798cdf783156219c5cd,1
0x29dff4dc7f1f63e6d7ee8f3edc5f6816aa30395e,1
0x2b0068ffb8d5eba939c3656213da9b06d9b246d3,1
0x2b394a878cba7626adfe69ccc5fd52cebb31fb16,1
0x2b7815fe62d1487b0eb728cc3bcc7b5a8f9c83a2,1
0x2b7bf0f30867991ae05c39f1fb9ec1e1e7fbc218,1
0x2cdc307b7d1a21397b9ff8ae053d65c4da7d95e4,1
0x2d56f1dd1f2df324c57457f0134a4279d76b65e3,1
0x2d6deb85ac1046e9f8c2d11a88d63839ad991f5e,1
0x2dabd1c849b5adc1fb421e043ba53be6bb2aec62,1
0x2dddc934b7ee38218362090aa2bfcd5dcce7ced8,1
0x2e7fe8551847302a76c9c2201b7228fe382d8a82,1
0x2e8803261f894ca7455a31676ef638d367d328f9,1
0x2e88e29234dd5599c675b4a05f1d815bf567d6e7,1
0x2ec1ba4287abf8adcb0798c5c220845fb3507dc4,1
0x2f082d20cc4abebf31f2a2d0ddae522449d7d45d,1
0x2f160dfca3f5eed78be0ce4be0457c7c2b8b8dd7,1
0x2f26c1d10456b6256460517ae912b5785e395794,1
0x2f8e684f7e30a84fea4b3c0b218ce5febc3efcff,1
0x2f9a4169fd054b6f72c52883d13a2e9c51bb4fcf,1
0x2fc03a2e4dba3ca4672f41060101a901e5629c2c,1
0x305b9ee539dfec8acd49244ae47428ed088088bd,1
0x3090cb6649e0e3cefe4b9446ca4ea818fdc08b2f,1
0x3091a139a2bd3468f00542f316360de2c14524a2,1
0x3118835f40fcd9f0e0ccf9a043918a8dad6368ca,1
0x31b7f3953419d14e71dc8dc824399a7787d0905e,1
0x31f02745a64161bf4d5621703159e3619062f04d,1
0x32387e19ada6a84c1b7e65203cc3f6f6a8df16f5,1
0x325a51514922bbd4e3184854f8f3a35f3c540480,1
0x329baa4b18aad925a8e781c9d2a0346f67c9351d,1
0x32e6778cf3caa7b22dfde095643bee37f67f82ae,1
0x3313b101ebf2c8e7db8fc3251f93547d804c6436,1
0x3366a932f86b4152daf7f1c66c93f0093946e401,1
0x3367a005c2bef54f2836a616ce3e4fa2d35910da,1
0x33685153fd8bf3eec25834a17a89ef2fc211ee93,1
0x33833d4c0c9cf00ffcc8a5d7048a6c5d2821aba9,1
0x3392ec30e59e0f0e2d441a2592517032a4afb467,1
0x33ac259b25367e44141d0ae0bf089a75806b8038,1
0x33e3bf78152c4428c5e75c9c4f036b9bc7a1a96f,1
0x34064bd06313c46dd3b0835260a3186de70b6568,1
0x344b1e4ac175f16d3ba40a688ca928e3768e275a,1
0x346cff342df55935810dc3051ac6f43ced4855df,1
0x3470f4e3932c720467125be1037b14e5840dbdec,1
0x34b6b26b8e2ba0f2b950ddf8ed68c5badc35388f,1
0x34bb8705e81a75ce3bf97b3c9a277d4468aeded3,1
0x34e3a48390a678b06352b5a1b5a97e6b494cb51d,1
0x34fcc2051282b465458e27a6e2ab48e20d3cd870,1
0x353efc68141cfc8a8d5c647add91a81caca31929,1
0x35789a5c96ff9045fea6cb06da38ef82d2187b1f,1
0x35cf7c2f88b047764ec9e3dbabde4a16305bdc2a,1
0x35ef983c0d040e2deaefce5245f7193e01a8aaa8,1
0x35efe6f151786f9cecf8b952f09da4f50573c8dd,1
0x365943fbaae1b764f3bb15e71977ca58f9ed9a31,1
0x366f10a56704e7ec2c0470b776cf8f64b1c60e64,1
0x3672318d2cc4300e1276ea0adf0b9fe0c9c02e19,1
0x3701bbfc577f1cbd579fe15da23b687968030fbe,1
0x375c0c442924bd191dd4a2ef774b983467fceeb9,1
0x37cf6a8a0c8b469c3556b998a1d761b4a04e6ddd,1
0x37f749ae2e7a28efe14bed6ccca5272527e43112,1
0x383bb5d8bab4e6f5b74b420fcf2f73f6efae86d7,1
0x3842f629011fd5e389c4cc433d554b2c2ae6eea0,1
0x38f0a538621eba56b9a634638a3f8f71458f80a9,1
0x38f926551456a8cf6da4f0fdfb96b39f4c53db45,1
0x3977318f07f3c7136395397d97b710d0241a2a2e,1
0x399e7fe41a3a2812a9734366ab5ee63e732c5758,1
0x39e9d92cfb2e39d71641ef67673fbea4593b1318,1
0x3a069f0068c9325218afd481557130dc6faad029,1
0x3a2ee4251d8490ced7f3a5977977c75a5acd26bf,1
0x3a38d415a06528be58e0eaa823062656af494e3f,1
0x3a3c7004ff336c999e0fe6ed4df4f81ad428088e,1
0x3a414821b587a96c66ea29200ac0ee1f20a3d2f3,1
0x3a505722a21c66c3143bba976bb83ac82aebfb48,1
0x3a9203c7050a943478c0e3748403f31dc4a854ed,1
0x3ad8b08fabd4480db468c3606e3c56ab0fae2104,1
0x3b00ab3f202ba1e375a82697dcb7358b3a78ac83,1
0x3b014dbd9c304b14fb5ab4ef8f473ae45ddd2f23,1
0x3b0a393acb228e8c00c634eeaf2afc570209c2c6,1
0x3b46945ea2da4cf1ef7f88dae3422a7fca848571,1
0x3b5013dab6879ae5442a2dfe75341fd52cdaab04,1
0x3b85eb9fd62e1b1b211104607ea2341fa03b2ab7,1
0x3bf395478b7183d6c310427afcf0e970bb5a0c33,1
0x3bfc8b2ba25680853747364455d4c299f494d140,1
0x3c1d4fdf6ae8da5528a38d39f65eb02a0ab17c50,1
0x3c68fdf52b957ce66b61d242ceaabde501b924a3,1
0x3c8da893d802e3dc03b64a8eee72593b648889c0,1
0x3cd19b965212aa1abd650c64444c4a06ea645f1a,1
0x3d36383e7f8e5de7ba317889458d136b1106a0a0,1
0x3e1eaa47c0014ed47035ce76a51efc551af0b23c,1
0x3e2f18e12fa3de657ce80e603ebd120443d77523,1
0x3e3f60b4b1493e7885db3e46670ecfcdc1af495b,1
0x3e6a45901be8818f454e90a4194a19c885d7eb63,1
0x3f71f41546f4b10daa32fafdbd67419fb1c57aaa,1
0x3f82641c8e6e29de604906a37d73f3f3bb095b45,1
0x3fb2f88df9c2507522430cbda9007eb370c8e43b,1
0x40594f31b9f2939851fbe64bff6dff996c75fbe7,1
0x405d830690422b2c87d8a0f86ad2c6ece5c523a0,1
0x4184ea1bf797a9713d418894845121558d4dcda1,1
0x41b3c126358b84a9303bdbfee9bc5a633e62000b,1
0x41c7a008e863b641016d9b39c1d476e052ab0b32,1
0x41cd286e6a61f430ee57c8cd142b906d9fdbabda,1
0x41f5943221d1dde72b35f803d2a393f2cdae2bfc,1
0x4220c14096fc8feb089a0fc8a9a96c2a08125e6c,1
0x42bc42766e797183e12112c835779a289cd1a1fd,1
0x433530204431bb396d6b768a6c5a52db6146ee1c,1
0x4381ede38e1b36460b216a01f8725970c59e1b78,1
0x43aee18d3899470b1a632086cc72d5c72d008dcd,1
0x43cb7888034eb1d7a6fc41e8f997010d9a4c2fef,1
0x43d891c1b4118b709f3d63e9fc47daaa92e1112e,1
0x442f7980dbf32cae7c8e5bf11af0f252f5bbee5b,1
0x45703a6ee9634e6a624c209e3d8f22d21e9b6747,1
0x45edd089bc7bd554412883c85906961986b95410,1
0x461473d03dcc9bba8d56141f1c150a00fde743dd,1
0x46331769a8a01947e07c310704893076a3409d36,1
0x4659225c11be53c5ecdaad4ec623cc208741c6fd,1
0x4684d9cb0296f30afe79d4337c17c1ea2e71b991,1
0x4709d322df6a5a2cd6e8b3e10bcdae654a612c5a,1
0x472e13547db534b0f3f61906b833b7ed5486084d,1
0x4755e70ee7d5fc639fc44a47780365a5c8067b9c,1
0x47600d210bdd145ba762e117e66c92066bfe5a03,1
0x4763cdfedd828b5a800d5c810bcacb944f592b8b,1
0x476e6c07b2971eba55f13547b50ea734b132c251,1
0x477ac24dc55aa17bffc2eb4de093ca914fe2b59e,1
0x4827520a9d42528dc43776aae6bbcfcf9972fa42,1
0x4839447c5b7f85cbd4c73aea5a39f8e45ba10368,1
0x486f55c7bcd6a1038d3227d0d046ff57dfe70879,1
0x48a2b79e8926359d276c8b969ea6cb8254bc67f8,1
0x48b6f47b4fb9c69b2597056c90bd8fc71987dee7,1
0x48c995df22cb2c3718ddca607d25db363d67ea71,1
0x48f682d5ff41beeaf81061be2da65fa64128d049,1
0x4930e90d55df13e52013aaa56f837adf3c376407,1
0x49838aa6c98260aa1738fbef639f9793333a5b60,1
0x49d31b3dded689c0fd3168307cb1f69f5c680f06,1
0x49f4b5e726e8feed5285fcebe7896fdace50655e,1
0x4a06f2320b17040001174331a4ef89c8214bbf43,1
0x4a251791f0db4528cde2555969b350f2988e7e02,1
0x4a2ec5a969bc6cd1bd11e15670b5a153ec91af26,1
0x4aa1f613e40272266dc1c376518a8a17a5fffc5f,1
0x4b040a88cb4edd02b97f0ab8c97d3da540fc2cf0,1
0x4b131a792c692017f6cca55d84c16d304fdb15d9,1
0x4b6dfc93c41143973e32db4353040f2bd5a0378d,1
0x4bda94aa5fa42e9e3747d9cc7f405a04e966fe8c,1
0x4c47f199a55899a3b7c6d9c6549f2ecc4654d993,1
0x4c76a1c9a7b448f457273f52f6a66b67b1d400df,1
0x4c9510658066bf7f8604540467903aa3e5c5c344,1
0x4cb594c339658dbf7a7534b18c182ab19cd23eef,1
0x4d39c2499fac8ebb24d3b6b8a2c9729ff12ec850,1
0x4d4149ba614aa29d750ee07cae78d3798ba5012a,1
0x4d5c3fefb8ead5bf6c66287ee6f25fc81c640f93,1
0x4da04ca44ef0a105f159ec8d9595423c1834febe,1
0x4dae0d73d43f22f7484671f68fe533d35e429599,1
0x4e0666859f37dcf6248aaca2ee0f04f0e5d23c48,1
0x4e36373012b0f454f419312fd7c3eadc6b6c24a4,1
0x4ed718cbed23fcb423e5eea37e22519ebfde8b56,1
0x4eebf92aa5780141797ebe679600386c839f04df,1
0x4f459dc2a1dac3cfb64dc5dceba6ab02d8e1fc1c,1
0x4f4875eed1878730b6cb24d9dcc1f3f6c9dd7be4,1
0x4fc53cdfb93fa69058529aa2caa174581e7fb541,1
0x4fd556e95f3901e11a63f8d49d35a12db577ed4b,1
0x4ff64af0196e944b1a4dd82661a4cb8a739d9ce7,1
0x5052523bc962f23dd386a2d96e13871d41433cb9,1
0x50dc71c86f86caee7fcac539228d945cb87c492a,1
0x5152bee7840e3a6261034e7fecaf8ffbff5cb6ee,1
0x51e2d90950b963c70dad87b8d5bfb1a24a8a8ce2,1
0x520bf7b8be9cfdc855228cb91ea295e54f341403,1
0x520cc7572527711b8c50bcefe1d881f8ddb5fe8c,1
0x5233c44646ae8e13a48bf6b2d42497764aa41cda,1
0x5247719d4155257f57a28c90ba8470598f398edc,1
0x525132158d6966ad6ba7b729295a73616a8a06a8,1
0x528575e6c26c0986a93a3cfcb8e5f9b6f763da9d,1
0x5306a81d9e097d1a8a457563169ddca8953c87fa,1
0x533f29794e0aaae434c4feac09affae4540a5818,1
0x54098387a5c81afe0921d309078571c5be8630fd,1
0x54338ed91190aa3cdad1b3249889d297ee798cb3,1
0x54345787dbc80cc1beb048d0179d66cbb6a54f9e,1
0x54385d832dd1c9eb125c2ce54b085d417b543b19,1
0x54503eeded1fc55b94330bf82092ad41a76a8683,1
0x545c9b5ff0838f85ed1873e385d674641dfd60f9,1
0x549c27e27f7f80af6f5b0ee991e09372ecb11020,1
0x54a272eb57ef6817eb76096ac384dfde240362ea,1
0x54b297f9401a23ac68b44bd7df4515a7ce066b85,1
0x5509cecfd7e520da92bd114da73c576a90c2ff4a,1
0x55842426ecf8bc5ae830550e9cc8936ddccb253c,1
0x55d0315315145b44dcf8da39aa755139fd676fd0,1
0x5661fc304cbaee874ffa43a337d6cd2bff222ff8,1
0x566dd0be0e187ebdf6e81fb5fb060b0e877b2fb4,1
0x56856d36af4560af722dbc081fc5be5cbe4ed7cd,1
0x568eb64a2dd8d4b1b41b5227fff0ff095bfb2874,1
0x56a1d7e501e7dd19bf3bef01fb1d88ac1ecf594e,1
0x56d79fe635196e734ce29d7a8ccd8014865e790c,1
0x56f4304fa9cda93ebe5847760011220afbd6a499,1
0x571c9b09afe7248421563e7958459413b3af98fc,1
0x57410251fa6a76fa79d6472ee912f1dd548b72a6,1
0x574eecc02e3743457dbe3d20fdc2d9ca7096884d,1
0x575a4d56294cf300fb3653885048fff2efc44c76,1
0x5866df50b509d8abe53ee72b9c6a3582cd9583b5,1
0x58cca225561e6cc1af893641fb8fa465e83ca48c,1
0x58dda4695c823fd25cdc8c97dd99e45ed9f9be7f,1
0x5949279209002e15a82a72893218f425cdee223b,1
0x5a00e8683f37e8b08c744054a0ef606a18b1aef7,1
0x5a06ba2c3a18c5d1876907d53e757eea1abbccc7,1
0x5a27d268e830655e908a0a2c3b24f572695af5e8,1
0x5a390d91da3ad218ee2e6c47bb6b3dfb4798f5bb,1
0x5a951f21a3ee067c2f56660ee9849869e1c79970,1
0x5a9848573eaf194aae78deb66abfae604b225ad1,1
0x5b5678c61e011c6db254088152cd723d7ada4812,1
0x5b6b5d0cfbe56b81d76cd76d16f24c2845fe1a60,1
0x5b8a42fc0c151aa7f4f764b805abea1fc3516921,1
0x5b8ea9b493ee25a55cf36d0ebbb8c3b24754b3a8,1
0x5b9798e43cd8479f713c3ffc9641b5304f0141ac,1
0x5b9f53b08464ce6919078edfa3f473da8359a8e1,1
0x5bfda9c2b452bcb6a1cdaf20c0e1e4529d1b4c47,1
0x5c518c5ce75973407c8976774e17fb08686c2e61,1
0x5c626ff5b861943b8769e69b310126d8384ca468,1
0x5c72b98aa0c0fee089e7bf4019c509d880e4199b,1
0x5d25c789d07f347e04aa65ba0daf2d61730bbac8,1
0x5d65b006ebb3c0326d724ee31913d9b8d7e942ee,1
0x5dad5b8c4b640305585bf4586713bad0fe992dd6,1
0x5e158b4457d9f5e34fe03dfb13abf5fbf489fef0,1
0x5e1c93534875286b5c2e44b95bea136b926a4e08,1
0x5e69f0ac82dfd44918a1f6f90cb0f80b7713dacd,1
0x5ee110a1c93fd113a35e08bcbd5b25d20ad78053,1
0x5fac5a1a1d8343705a605561d925bab7642a1957,1
0x5fb89ce4ba97d3c4ba451306fc7f0b2b1bd1e5df,1
0x5fcc2e2d18c7cd6e01fff37aea6ed07d0893cecd,1
0x5fe243b4d89662e2ca7cb31a0de080b5b842e20c,1
0x602cc779473aa9436af11119534571ebaf0bb577,1
0x60770c6155f2974f41b802d983669f57b75d95b3,1
0x6085a8e03692e77bb429bbacb00481c2e616949d,1
0x60b2e0acb69fdb6363110856fa2302494d14c760,1
0x6134379f4d8e3a39caaef3bdd2b713dd7461a1ee,1
0x619401505fa2a98a2f513fd981927d25c4c54c1d,1
0x6207aab1d68a6003641ef74f2c59cb934d59575a,1
0x62298e04a3a8424fe10072387aa83343d43a5d9f,1
0x6231af60c43c8e898d2121abae2f3d569daa2852,1
0x623f03dd0ff066d7d3fab45b17329dfd9064d428,1
0x625c9b969a68dcb18a86ed01719ea01a127efd9f,1
0x63b4d906a8adb9d9da2f435ab8436db2d4a11631,1
0x63bbcbd285362ed01dc37c34597ce17836493356,1
0x63e631f4c238087683cc07124d3cc52b1d76c46b,1
0x648846388020c5a126c9bbcea501b6218840cfe9,1
0x64ae8c704bcf25a85078f31986043d425d002c0c,1
0x64e7130967e5f2ef64a2c2cff7a277da0668b6de,1
0x64ffe8e8cad80c7403340144be8259bca8113079,1
0x650036b83283656bca3a4d11671e3dd4229b5720,1
0x6529770a5c58ca859558670cf98171f600c48783,1
0x65ee472fa8a76555a1cb72510e3d1da5f1662214,1
0x663923ea38e2caadab2afba8eac52584e5daba1d,1
0x667756a3906081ad924c346013430e37993dc48e,1
0x66c5b886eb44138a161aeb036e8743fc3fe5692c,1
0x66d60cdb2133522b0d2e17b889b8ab911095d896,1
0x66dc64168e68a4a6cfb31bc8fd01be526e54b93f,1
0x66fc8a99fe0afd8e4d9855a797ba35bb8364fe72,1
0x67c6b6eb39760f03f4404744168ac33b72aeb5a8,1
0x67f5e368d28835a8f6b8e5576b1e17ae2ce24769,1
0x67faecd8ad9fdd4b9e8c2a34d6ebc9c1357a323f,1
0x680c6ed9fc4dc9a5b27e90a21fdc5155a9f14f7e,1
0x682b2a8825faf99cb1701fbc58b392fd120a4ca4,1
0x68863ef1612861e7e699b7ed8053afaf54f31266,1
0x68b2778a31862cf1aa6fc5041335f8e7398db4a9,1
0x68cf8f3661aca433000f3a54b7e93f7053789d90,1
0x696638627c44b271bb7b672da3c7fed442885935,1
0x69ae55e51894a0ee91ed712936f0e24bb8107976,1
0x6a47cf857a679fec08086291b07b5efdd7832f66,1
0x6a57d63bfc957ed45565f809c3b44342298daa0b,1
0x6a634e13027ed10fe7862ccd791eec3d12a8b58d,1
0x6a7d8c9ae833fe1413f67f7acbb06b0ab2333064,1
0x6a8d01c884d3047f7f17f123b4126cf509d8dc4e,1
0x6abf5fb1cdc94984a2779fe041fd25f709a45948,1
0x6b33cfb9b0d6074ecdbbb888ee87d71d62e095e4,1
0x6b5add7111100efa6aeee0e1ba676b6218ecabda,1
0x6b601039adf1ae544bb793d60f044ee226f49820,1
0x6be2514c885f020d3cdec1dd511e33e2098da8bf,1
0x6c9d56671a152a9b310f808b88f522f01a223754,1
0x6cf9f1e84e8542ba48b2a295b35f62dfe5f7b9fd,1
0x6d50a443ca97a81b90bd751b3e1ff6d4a5fcf264,1
0x6dc4e931b91927c2e7a74d077be3ddb7f14ea071,1
0x6dd9d1e0ace2bc5802e13d1bcca2016c8161f219,1
0x6ea9523bcbb0284e7c3e1a9bebf10da9d838662c,1
0x6ed7f81208839e31e11840049201201c469a7a56,1
0x6f86aa9166ba56efeba6cbf39d5f291c40f5e95a,1
0x6fea0f28a3ee49da9a8cb71e28a515516039edbe,1
0x6ff5723435b7dfc2371b57fb5cb4c373e5995c78,1
0x703518c0b200f99feca73743693b96f3f2d02e90,1
0x703d4c446c102406e3e083a49632cee62b5fd90f,1
0x708cc20f6da1acc64e10b1680b20cc01f4735dfb,1
0x70b1fa6e7aca3c4dddafcb6812c5ca16ca26b05f,1
0x710a54635f58dcd9fe45ebd966c3a877bc83ea8c,1
0x71250d8da248a9b5885b56bfbda9866f41b52eab,1
0x714e4eda3dc3d384b78cb8840064034611e30334,1
0x715e3254465587e60bf4a7b0c2e7979984820086,1
0x71763a43ce3f7c609549a611bae4c2dad2d74dd9,1
0x719ba0ce69c17b19ca3395b9f2cf5c945df3ac55,1
0x71a3fd612cdbeaf177b52b2eb792173e3d25616b,1
0x71ab12e3f4e53751658972841e6994d2fe4434db,1
0x71d021d5371d35df2cff9d132a562747ca6fa8a8,1
0x728f58c4f8db2d6f3646048624f5c3a86f29de7f,1
0x72a0b75e4c7229219678e7194c05df2f54a9bce0,1
0x732967380a3b4771ff49469de7dd32a2ba12ba99,1
0x73831973e223f12415aa915f1dea3fb4f1786851,1
0x7391743e15afae6f25dd1d464efebbff9da80f53,1
0x73d2289da13e34cd5b9eb2f634f80c5eeb20b746,1
0x73daa697af5e9caeab9d6cfa962c05b1d4c4e801,1
0x749515b1f1b0670227c8a4c8f115901156d14a6b,1
0x74ebc8e018990f4ca8cc56739c0091a40485030f,1
0x755c967b6cf2ee0c907c07ef4ef92da9ca577fb4,1
0x756380619917488e7cd1b5c191a2794c610faf0d,1
0x75b7ae82aabef46d97c297eedabb24e675d428ea,1
0x7680d15236855a50dd3a126b8cca8c252c3d8393,1
0x773e38db30035ead0650b20d85732f1cefa7a1fe,1
0x773f187778e03ccc3c4b20abb817db3bbdd09d30,1
0x7744446f4fbe3e660ae9206fb8b0d46b8d097176,1
0x7746ab46a45f3e7622aaff9243a1c353ab41b0e3,1
0x777831c7502b8324016e9ed652c33b89ac7ddfec,1
0x7792cade26e4dd1700be02764e6e75e69c50ab49,1
0x77d4d7ed546b19077720eda2be8c847a1c358125,1
0x77f28f9196974b110105af5d0206ab019e9cdd95,1
0x7848d307d5838ac0b65bc6cdff10e8c4ac4c5e0e,1
0x784b7abf6992176f8bb1a260a96fb3ae3b601fa1,1
0x7887aab40cda8f1a3d807f4c54de269057371696,1
0x78981972024f7a8a5fa4925a4ce218b2fe0f742b,1
0x78a51222ccdca7866feb36d0e91e2424bbe1677e,1
0x78f576ec66dfb107046c0ec2e7635248f96963b8,1
0x78fb8b2fd28c1f34cc6bc15813cacccc5d8c5454,1
0x79dc6ee3fe4df406c09b5b6dc1e77db1dbcf3e20,1
0x79e158be2502fdccefdc905b1943c65d0a05006f,1
0x7a209d76e7e5d38f0e9f580c2885a91d9cbbe596,1
0x7a41c5a19b288478eeecad898d2286629d727e2d,1
0x7a4dcc5ac54360f31e891ad7113c5ddaffd2da11,1
0x7a4f13350e857af28d0147fb065214fa46fa51f8,1
0x7a6262392e01ae348f0a1614c9aa8da7f973e526,1
0x7b24c61c359b3a4d4824023f87c8f7e1c40527d8,1
0x7b6292d81ae4bef5b20d05817934205d61707559,1
0x7b7f94c4df521dbdb61e3ce8587437a7907ce010,1
0x7b864fb3aa6ddae51c0a5242f4fc50cf7866d1d0,1
0x7bae01034704381d3f7b09d3c1f1fbd17d71acb4,1
0x7bb9dccc97052ddef05141897fe8313fd4ad0418,1
0x7bc611e284928918471b1d14182ac861b1568ec9,1
0x7c00712ec80f867750d7d302e43ead8259819061,1
0x7c242eeeb96963c27bc371cf657d2e66b19303a5,1
0x7c90b7f382cab6ed7842708276a4332ee310453a,1
0x7cc6a93a60bdfac4a38c5f6c9ff2f368225a2b95,1
0x7d3bf2cb39f5ceeeca91ecc8201dc01616ad089f,1
0x7d99c12a3bc65b303c88753ae8a461975df91cbb,1
0x7e21749ab7fc3bc1a77fa5814cdfb651ca9e241c,1
0x7e33fdf75c72a655fad8bd5e93621b8d1f55f6b9,1
0x7e547fdfb5d6f3fa9ac2a332fae355d19e53257f,1
0x7e5f78f98e8b76882ad4302505adf055bb88a03a,1
0x7e77bd0e63ab0b9b0a1935df2fdf8fbb85a228c0,1
0x7e8a73221ee59952ab20327b0d7c7790a1ddc91e,1
0x7ea80fb511989fca6093679895b88ddb5db35c05,1
0x7ecd9a6364fe493f5ea902851243f24622a3078b,1
0x7edd0d7532ad40bb85d891c2e7201d656029060f,1
0x7efd5ba8c85c674016e2154e4739c20a9af81b44,1
0x7f00d98671df30a5998dfe3633a8a608d92d66c7,1
0x7f575ea485c7f703f45e44b4f87c17b1d36e9084,1
0x7f74b50cd4d9cc374459c3f6dadc8faa39ae158f,1
0x7fc4ea7254ff1c1432b4243e5e9c4f444d21d650,1
0x80ee116bd9989827409d7e12c807c1f6d017dbb5,1
0x80f46405114a71ad808f17738421d498e4e7c131,1
0x8129be906c59129951fd134c8ffcc97bbee31e59,1
0x81876c483df7169deef0dc77308cf1592fc48185,1
0x827c812b05d09565339d88b025fde8dd25e96404,1
0x829a9dbba3f258b45a1714e303d6b8697bd4ceba,1
0x82b171ccadf43fc453b428b428693be638d62843,1
0x83573f83a3dd79f2025fca3c86cda1f325aa1418,1
0x83b8e5ffadc3c3b8b8f9cb80dc4f0ef09915f490,1
0x83e9e1e1e3aec25e046149c1debdbd6ab21d9695,1
0x8408a05c117c98fcdf649f59960d44f4f97b52fb,1
0x8413e75bba8e8aa7a398331cfaa33ede16654ad0,1
0x849ad71ea82355ec4707a5cf050df478b3592939,1
0x84eb5569874a68e434aae2ba9552e126abf5d0fe,1
0x8517f8952bb2bcf446c0e75a99d962540168b6ab,1
0x8566f09d813cfcc25fe069e264627711bcaf7892,1
0x8605b1b9f3fb3b84793bd255901eb1713785bcd0,1
0x86369231aa60bf04b6b66def20f38c497e46cc2e,1
0x86624abde01a7f96be9e74d23101eb4696500b65,1
0x86a94aecd3d2258b5f4e2557632b7052142f5ca7,1
0x86c888577ddc1b7b06d8d2b1d111c55553c446bd,1
0x86ea621f3969dff526501bf5a60dadcf13861bfe,1
0x8717a864e8d69066ea50dc0b6ff4040edcaacf2a,1
0x8766c779662b67e9f6ee37d8bc376152fe9fadaf,1
0x8793730c005be1f94851c9613bb64383d0af30f5,1
0x879f07bcd16620e4ecad3b68fdfd5e4574107439,1
0x87a3c0ded12f9053e25e2c1ec747b07658dc6db4,1
0x87d8e0eb002e0a227bb495542d232b7370588363,1
0x87ef8a1863bcc50bcba446c3ba22b729b03be75b,1
0x8812d7a44bf5235a476a5596e16c1f2b8fff0077,1
0x8831385f9bf7e756c9c7824ec8539adcaa58c66d,1
0x8836020530a7bc4d3a8d2f255c24e87a8dac446f,1
0x884108f0dcf10473732d549a48138fcdc68dbad0,1
0x8881c3eeb9a0f71b8b4682dd094c1a98ff399999,1
0x888ea813d2b5727edf03485cbef4dd6234806829,1
0x88abd031053800e9fbf7da204190665468da41f2,1
0x88b0be658e72c5518b37ce0a5625d3fd494dbafa,1
0x88b1c5da745171d7fca547972d28fa7b06468700,1
0x88db695939b91b1139dfe53ff12f4b36d162d97e,1
0x88ddc35bc9c55dab8d50a67409b730619e8af14f,1
0x88ef3f79c3663315bd7e647122b1b27b3ef796cc,1
0x89080cf42721ca66767891dd9fd51f3c74e04640,1
0x8947269c4c2ea8e6b91634d2c2f12c7bdfa95a1b,1
0x894740526d04071b5bc4227a174a9230e4d7f44b,1
0x899881ad8ea499299a18d1eddf84a31d0b58bcd1,1
0x8a1c05b50e354364b2f40bcc979ed5507df8b2c0,1
0x8a396e924dfbe96c3b74932f1787442c21a3cfbb,1
0x8a93a91a0013e571bc7ce83de4f89aa411f3b4a7,1
0x8ab62f097af60a8e91299f198fcd2783a93aae48,1
0x8b02e442f44a70cf0f9495e10a37f89f941af818,1
0x8b2c57d2f8c13aacf00bcf57241317625cae4e3f,1
0x8b50d512d2f95d9babb88e3407f06233a7624421,1
0x8b8eb1c8170d632f1f939f8f41828045cbefa9e8,1
0x8c49a34f8fa8e2b5ebd748394b8685e0275e657d,1
0x8c4f8dff96012d59f9df00ac21f0dfd9437ecea6,1
0x8c58c739cc456091c0d1cee900988059b32f4b19,1
0x8cc8e6bbd9f5fc21ea1b0c22de5fb799a958c36f,1
0x8dc886fa52cbeb17b22a965c90642e63dcca2aff,1
0x8deaf16458b7f66697767edfb394b02f189b5606,1
0x8e1343508cba64eb1ae15c17182685b4e38f37e1,1
0x8e44fdaf9fea4535b5c6d84160b3ce3799773fee,1
0x8ea991f3193415ec22d8f165e434687ac275facd,1
0x8ed07226efac3f6e3543626accf302095008b613,1
0x8ef9e131dc534cf385f93e57a4bab2de4bc349b3,1
0x8f6bcf33f7fbd05244fec62630db3fd54e677733,1
0x8f7f738a57f979c2779289c74063c59adb43b000,1
0x8fd346d18c03a52762af563638c770e658e3761e,1
0x8fd4f55a3a3f8f3cf461bd4a6a3ffee937fbf75c,1
0x8fe6b7643337404aeb4b3ecaeb47fe3d463bcb77,1
0x8fee5558aa2d7c33c45f5c372484a9fb17efb7e1,1
0x9008e2a8c9f6e4fe77ccf98b58652176e4451ec0,1
0x90431b57607e3681905455e3f4dfadfb015bff5a,1
0x90672e9290319bb760e121af4b3fe7a1f02fb64b,1
0x912d58de9d0c4f6a72c72234f4e5fa40149c84f6,1
0x9176bab11b30c1d169fce8eab1a0006cac01e334,1
0x917d43db7e44d6be0cb26a29df14f92fd6944561,1
0x9192055afa26f97428b22d0bb275dff214a7cd38,1
0x920e6e30ea9a3a35bc804973751e49e864d4dc85,1
0x92448ac5596f57af07e92ccc4e900c38b99240fe,1
0x92986ac66de8b40fa44db0c6d04c6582fd3cfa29,1
0x929b85c6a99e64b278a13a8d117e3faeede14989,1
0x929c4d553b99e1522e8ae4f14d7a55135ccb2101,1
0x930e30fb48d86842d641f00f6143a53b193a6ab3,1
0x93505714958fd268276cc8c37ab2aadbea729baa,1
0x93750188efd7590f9ebe5dde453973976564bff5,1
0x939a7ef73572e9218c7085aca6d894bc237f15e3,1
0x93adf181c0d477568aa8c18014ced7fe5074b561,1
0x93d3f6d68b6416035aa0c60e3c6d184b33d2c40a,1
0x93f20555ef0f96df6f394e916584357b794ab58d,1
0x93f28ffa811c7a0e30b1613e41c008eed62debe3,1
0x94bd78b9a5c3633fcf1f64694d658d45c4c4d1c5,1
0x94db828f971919dff4097e0d8970329ca5b95c1f,1
0x952cfda5bdd478874e98e0109b5668177fd85ddc,1
0x9557adafcb6773ab4ff2991f37bca827310bd59a,1
0x962f01b2828f44ba8b59077b46ce42299b01ce4d,1
0x963af327e553eb2fc290bb99d50fbb9e88fab824,1
0x96af9925b6b1787e500480b2fbd376b3430e883c,1
0x96b21e2b43cf1fc232b22ea2e4f477261cbc0248,1
0x96df60140e5273e5e1a02ef81c9b39b74c448018,1
0x97110f69652da5e5114c89f419f75957cb0a7e7f,1
0x9721faa8301a03185245b3136fcd3b4032f92aaf,1
0x973e2681589be44ddd3ea8121233f296938a79f8,1
0x97ce86f82a430b0bd4ba5c09c17e6f68ce716989,1
0x9871d929c13e4ccaa227f4241f1fe96c8a1d6740,1
0x98d3596469dae762894c1c3b3c02e556d296685f,1
0x98d3d44e81fffa4509d60bfc6c35299f5fd71502,1
0x98d6716059fe3e1b8a0808d85fe6b9c5795b2e7c,1
0x98f80320b4de17a81afb487fe635b75585185705,1
0x98ff5e8be4104d0abbcc54f42a474054f87723be,1
0x991eeea3bc88f5af8574296bcbf85764054e9773,1
0x9923306d3c1ac862359c6a95832b1eb08a5a5c2e,1
0x992f80e69dfe5d5feedca4c500ae50205f1f9861,1
0x997472d6fed4c7f303678426da187cbb812d2154,1
0x9980b494602e08daace4ffd7838926ab973cf8d1,1
0x998eef98be99b6ea16fb7579423df29e4c034704,1
0x9a0387e8efe8267441f515980b889be88ae3a82b,1
0x9a2fd1d683cb8f5581634d005cd707f14b634931,1
0x9a477ad073069671bffbcabfb95ba06791e71ab8,1
0x9ac57f069f33fa4abb39ba08d2fd6068bc9d4b13,1
0x9afaeaf7bad7349b4b992eb5505a9660c1a8a5ce,1
0x9b32e12d0678628aee378dbdf92f7f66f3f4df80,1
0x9be4990154c1ffa2e31969714a81a994239d8c31,1
0x9bf8e60cf955e032faeb4f7adcd3b0cf58f7ccfc,1
0x9bfdc5b1fbfb67bec3630da027ec4ce43fd7a568,1
0x9c1d39475f9518c8208a92e16210c275375871ba,1
0x9c88367275f6ea7d8f0b9416ee927d22d9ff7d28,1
0x9c98f6ca30f3ffdaa641bede9ece336a8b806693,1
0x9cbb8cca3c8df33cd79d4205c23cca717f2fb831,1
0x9d5d7e52e1b0f413abce69b57440855ff0aa8c72,1
0x9d77521f1f9ff351825dd8d4bb4e407ff6e28dc4,1
0x9d86ce4ea939ba71bb97383b85afd12d3b3bbcaf,1
0x9dc051ce8da00508838d152c35f1fb94de32b6ae,1
0x9de3168ecf47453b3d611381118269178bcff520,1
0x9eb3feaedccd9b364d5c316888b47ed21c9b48b3,1
0x9edcec146a0f5e0afb8e9d0b91c7fd1505b5f58b,1
0x9faf0cbb079370504959e4192b6547564e7a8deb,1
0x9fb7563a1969f034e8feb83e499c967d31538e86,1
0xa007b5d85f67a4d882927ef2ca992735a21d5028,1
0xa08d47989ab190fbafa7455a6044c2b6dd007634,1
0xa09f49e960b0a830b5237e4c2f98c498d91c442c,1
0xa0f30c778c2d45b1020fc0f9bada71dd798675cc,1
0xa12506bc793c820d07ef5f7ebe3aeae8498fc8e4,1
0xa13a120dfc5aef0d261944042f4b8bdc45b43e88,1
0xa1cae067a4f7115d0b26a13840fc090b608d53e2,1
0xa1d0aa010d30c660bd08b92ae9536aa21d827026,1
0xa1d65f293e87e7bcfc84e4f5f56d1319168793da,1
0xa2162893465f7699002915c0213ce26ffd604bb1,1
0xa2433ffa1a1416490b17480d89be819ed81622b8,1
0xa24875087f3b491ebe2d59b46a358172e02c0ffa,1
0xa29d831f567e3301060cfcfe71ac44f4718c7789,1
0xa303d614d7aa577760b25a2ae78b65103611ff12,1
0xa30524acaace20d521f29671a54cdd9c1ec13b58,1
0xa319dc6c663ab35a5f43b356abc6724bf3e4ddd8,1
0xa35dfa06acd98c21036ee4de73cc8b95ef1ef8ed,1
0xa3614e529c1e5820cd8ee68b5af19ab5d31e08c8,1
0xa3af1f2900156e75634a6d2e4cba91f0451ad8ec,1
0xa41d87b153537a32cf0be9db5ae81e4cd48d5174,1
0xa421915750238297c06d3dec9cd8d5662daa709f,1
0xa43f608eeeb57ab4ea725742090a2f4b7776cb11,1
0xa44e16847439fd95d591a4064262e85dee18516b,1
0xa464d2113b1636a7a39a5bf5a0b1c3c9c937ae3e,1
0xa4b721587c0254bb1d5ed43c13ef01dd01332c41,1
0xa4c0a355e01f865ac1981cb734a4cc9983241a17,1
0xa54d6fd8143af647f49d57f98db806376040868a,1
0xa551c69f5ec2838928cea71986e89e995141b768,1
0xa582ff0e5fcc72d1330f69aa4a0d05eed31eeec0,1
0xa5b66bf2d022849acb189941e071a26578bc3fe2,1
0xa5bef30c81af261d3156013dd7c6cb1779d0113f,1
0xa5d85515a7c1a0f8f8e5c88f685247c93cd2bdbe,1
0xa62e276e7767f1393cd2aa682eea3b4c47dce86a,1
0xa659f9d226b4e218d01ca451d55c11f42e4ec3b8,1
0xa6770a9e5785dbaa41e3b9b7e8f564ed52cf0aab,1
0xa67aece985ccc3df79c8c9b00c301f287f6aa540,1
0xa69c1465c1efc571fc6230a13c6b1bb03253837e,1
0xa76942bb5975d5f0b36273f9a262eaf6a2be187b,1
0xa78c128296ace0a1ae5c236ea4d0fbd4362fcf83,1
0xa7b11111e9720f4cb50f7cf1b9fd9bd8cea88740,1
0xa7c2e90aeddcdffc9c8aa951355b12c323defc44,1
0xa7c7edc67524091b6199dfc533b7fe28111f2009,1
0xa7e1194aa2ed61e4e7d440b4308322e9fc6925a1,1
0xa870a5db53805c9765b8094a37e4ee269476bf90,1
0xa8b5e0f09ea04483b9a07a65a6fc56e78ac45e6a,1
0xa8d0bd050d023aeb204e9cbd6195d80364605abc,1
0xa93b235ba171c816e21969a836775077a756eb81,1
0xa94586fbb5b736a3f6af31f84eecc7677d2e7f84,1
0xa9cf8d021cb1236b9c201ab8e2d8aa9ae6ea43cc,1
0xaa2303308150f61d941dd0cb53b6b6de6b732383,1
0xaa89ca05646e598210a9478db27ef5e8c803a0bf,1
0xaac21bb3608d996793e256c0e72305f6a4e2185d,1
0xaac2260b5950a27595cf0fbde6c188a0937593da,1
0xaac437e91d290b106f8ebc458125966b0ddf81ea,1
0xaaddacd64c52e9db1da8883961ae5b08833d4762,1
0xab51f0b65df095eb02c03b5ddb463e22ea0595fc,1
0xab69ec70b0fe3a0c9f83abbeb70f5dbfbf8d99fd,1
0xabb66648aba46e17279b58b443faca6b447e19ed,1
0xac2c2bd39578b2c1fe18b99cbeb23f40503f5dc6,1
0xac812add26634e5e32976226a35030feac78be1e,1
0xac8beb711ec30b3acca85bffde8041f31bf7c671,1
0xacd82e82610e1df4080c8af977f1a142025e1ddc,1
0xacfbc4531fb0becc93d0e70ec7344e5f644f4ed3,1
0xad00644645f1cae3f6105d49e659bd7ef9588563,1
0xad306172a362ea30246ade8e46158fc4710d4798,1
0xadcc4b1424baa396393e55b1b5c5549eb4a75a6a,1
0xade9e683cfa84d4c47d74de76afe8c4d7042eb2b,1
0xadeaa590811861c17f4461c100638332dbb16ec7,1
0xae21c69ebf870f17cb5087c09c5e94fa8720b775,1
0xae80fdcc486e493ef3d5be81ec1bdc6c492c25e3,1
0xaf0f1b6443fb2c398ad3d10c62cb7288675ab88d,1
0xaf17f49b220273d23e1701bcd45696fd2b70ff28,1
0xaf5fd19b5ecda2118e9f8971088b49f27ba431bd,1
0xaf7fc773b91230d9f9e4d9ecbc32b67f011063cb,1
0xafd164d218a00c04a3d3b6b5ce2f22db7f1d26a8,1
0xaff4381cf4534d117c27b25bb538df208ffce70f,1
0xaff74947b007c5c162971f4933f3087b81c10cb6,1
0xb00b36e3c3b81f4b243931e4cff30d22715b314c,1
0xb024c97e187892ca5da51ea942f136f72635bf50,1
0xb02fa29bfd054db5514115533b6fac39dac75391,1
0xb09110e39e0db45dfd7797109882014e7a66038b,1
0xb0fb231c58ef465b720e8bef705c0cf0fb56572e,1
0xb141803cad1cd0dffd9c84baf688c10c25f3a573,1
0xb156b83b38af5d579816fcc97b2cba0af1e8dd1c,1
0xb161fde15ecbc1f3cc22336c7c2859e141d42daa,1
0xb1a97a9070cfaa4d5653911e7d565e1ec819df4a,1
0xb1cf9d4c3743be59fc87db20378035a73eac73e4,1
0xb2372ad5ad178eb33f92a84db6d9a9cdb1683fb5,1
0xb271f8a8d316733d8a7a56ed9aca09355327d784,1
0xb32235534b50f23cc4e980e5714ef15f0959ab15,1
0xb322b29eadd1951d10d2e6f3b24ab8f89645af1e,1
0xb3b214827e9e32f65da7c45e4f5a6d3e4159737a,1
0xb3c9650de630ef8b0a0b725141dbe6e36b624de3,1
0xb3e41e2d4b77cfe2f97dd2e8305f2bc2dbdc3587,1
0xb3f22e79ffc33b9c9ca94edbdfe41b2530687d70,1
0xb40ca19953427295224afc6c5dc617720f76d017,1
0xb46e3f99c5f8ebbe5b7f0f49aeefc0fe206f5682,1
0xb47520aea870c3fb9715c15fdf255c435f08c6c9,1
0xb4c5df60c6edd2b7a417d9ff07dfcb127e967ab7,1
0xb4c5eff3c5fa2e8c4d9b42c347ae8971d90e69a1,1
0xb4f2bf4f136847b70f3512683f4d950daf7ea216,1
0xb695709a6ae6201de3ec9b730e9f3b45935d1ce0,1
0xb82df4c14a42ac0248e886b0e136f4ff3bbc9494,1
0xb8343fac457b2ba68981839693e60249c79c70f8,1
0xb8714fb9407eff59104f5e0128cc52fdfbdd8ad7,1
0xb8d4467428fc490657142d2a798afebb12f062e4,1
0xb8e78d80d5be1ade0c0671b8f8aa9bf6d7e471ac,1
0xb8f7819b09f0fef00280059091898b3600ea258a,1
0xb91b913f71a121617fbd553dabeaa6111885b37d,1
0xb9ab35cc720f29ecb1218c3e00b50d69975b4212,1
0xba4f539249a10efc6815d038de92c25762fa1d3e,1
0xbad0374121c3df4a0a851526ec2e481f283de39a,1
0xbb7f13bb2e444f5574589f2ad649da85446e3348,1
0xbbd5d3d0a362d19976390e1d7cb284db559e5571,1
0xbc2063bae6ea55df49b4f547d1debe80c83fb044,1
0xbc23dc32c6f3ece6038fca8d23b9a6d4f6ae16ed,1
0xbc5bc6d1c857fcff072548e0e9040b25321ba351,1
0xbc8fa485caaf8e4bebe2a2540efe29731835db67,1
0xbcf0476cc0961cedd288661d68306c3c770457ec,1
0xbd3f4f88dd6799f6b26269690c7643e4c50cd37e,1
0xbd423de40203ddaf0e57f0c8ad62266295028b39,1
0xbd8c43f24e1e7a3088b902bde174f1296354ce1d,1
0xbd94b2e23162ae29e74521dd38503aafa76bea65,1
0xbdc4d6b899a15adb49a8da53da826691121ce9b3,1
0xbde5bbb20fe6cf6a9029da574f61cf7accbdd4d7,1
0xbe81943cbf5e24b615407d035aff451bfb2e94e4,1
0xbee68d5bbdd56fd814e59116f3e4b493a148a3c2,1
0xbf4850e4e8d6cd2319b8808b65bedf7cb15358d4,1
0xbf5b619d8fde5dae05070ada76c0a08653307e03,1
0xbf9019f39b478938df968d331c282b06f7b436ba,1
0xbf931664b3ad13d338c4764f5740b992f80db167,1
0xbfc444aa1a696e22fe226ffcf2a38027bff9c244,1
0xc05ac07b7fedb964c993220b6675645c88eacf5f,1
0xc07ad85c0ef78216836f49e779aeeb332da405de,1
0xc0809985d41c6f8d577a5200c096f9adf80c1455,1
0xc09390818dd9892ad89967d3e9d0a0e8f9b0b477,1
0xc0a26b567430e1b4708a26677c07b04e94e37a8c,1
0xc1000697e6fcd64ba12965f91b4a93c8ea9e1d3d,1
0xc1269b5614c6f5cc50affa5e62d403622c6cdb3f,1
0xc1519857d37ba893680372b9299e4957bce800ab,1
0xc212d5339bec65ea533b6dde66829c873b8ce390,1
0xc22f7acf85dd578ce0c7616274aecb9f551f6299,1
0xc2812325cad4c4c782cbbc1164e9373371d31db2,1
0xc295842750125b4aa7ae7cffc3ff841176f78cd2,1
0xc301f5b31e4894fbc89b777883ccd4304672b655,1
0xc31184cff6f9a92ec7e39a9ee98be05212c9423f,1
0xc3135b0437f4e1c22b6c9ed958e37f7d72ebb74c,1
0xc397ab0bdf839f64cc044b9d9a93dbba38e7b137,1
0xc3cf2bfe223e0003aea138f79b6c0b256ef3a3b8,1
0xc3d43f8e008ccff959101b8d0d26562e84d2b204,1
0xc4c14fbf35cd9d53d66a1b774213727fcd0e627d,1
0xc51c6650f4a674fbf7d347379071754355616d60,1
0xc545cb936a032c542521172898cc8d299421db25,1
0xc54b97800454ca7fc81a3716a7db6962a40f4aea,1
0xc5eae0735c1f34b894a518329239ee6b9d500122,1
0xc5fb81707b15e7ae661cf0bbb8e64cb196027162,1
0xc604041b04f03e1bcfe7f6f7227624f74c58e71c,1
0xc6404f24db2f573f07f3a60758765caad198c0c3,1
0xc6be0b723601d45adea9abbf8799c4eae5b0d2c9,1
0xc72e316d149367babe1234697e390ed43f77d23e,1
0xc73bcdaa0ebde8dff4f8a4d273b1bc8120cc3d68,1
0xc8057163fa6f08d6453ff1ba28172ad49136e10d,1
0xc80ef6397cfdf375d7e189a31cf2fcb68780d559,1
0xc83406080448ae493bd775cc7e082b8a928ce73e,1
0xc8b48dd0d8c7bb4db807cd4cbfaf733d4c7a6fbb,1
0xc8d2fc631d8b99ead097a20e6a6e032b886b590c,1
0xc8d426348e12bf71b50166bcb7651012760a6fae,1
0xc8da0c2b229de11eea1a596484fe75a1bb555c31,1
0xc8ed23303717cacbf6abb405470b01dff9f3466b,1
0xc9613ccc35733c29b3b6d2bff1ff646582774b63,1
0xc9c089c9339da08b70b0d08d7e195e09c07ee4b8,1
0xc9ce749ffa717974649367382f8a2e7a179cd2d1,1
0xca1bbb512759de1be41ab739151553aacfb5073c,1
0xca4d9f0eeafb46cb6a38c7c1a9198138808d6ac3,1
0xca5caa294d558ebc386964fde9562e1bdca05144,1
0xca5f40d7f5177f6b1090cc5c52e18bc4c2f6f582,1
0xcabb10290944875d1280b6654f440d798b5af2ea,1
0xcb36f8580a36788a48518dec95ea458357e64e30,1
0xcbc90bbd6fda073d074a04226da49236eca38e0f,1
0xcc459846ff7587a972caeff28315c8d20390c4bd,1
0xcc4cf561ff49ec0b8529aa745c6225123dc8b499,1
0xcc660c5d19411c79979e86fc2d05d5a348d6c9a9,1
0xcc78e609f6f46bec306e213ab7ffebdbac2b1806,1
0xcd22b8ec5af086ea670f700b039520e30aca2ed0,1
0xcdb4ec70b1bb26a3eb626e0ed3fdba5922372f14,1
0xcdbb121f1dee2e1bea0c5924cb3d60eb77eecb78,1
0xce46afa37f08d0d6ac9b160edd8a968a36b0f219,1
0xce51fa3d7fb657502040a745dd607ac77260c616,1
0xcefad8b5bbd6179e5255bf5bfcc9c54ef42cd4a0,1
0xcf244d62f66ec2727b0dd51b41da591b9efdebce,1
0xcf2b7c6bc98bfe0d6138a25a3b6162b51f75e05d,1
0xcfa1bf8ca39a89b6c0e9aff55454b20e589c0da0,1
0xd01065176098e9a5720845b7b3d9a99a819b706d,1
0xd011e3875e3d0229b0e186e64295aa47994c40d1,1
0xd01919ec7c2eaf4c2bb99f5aadb90c552b8bb525,1
0xd0482c09b1f1dbe2a74e4612234b0fffe8e7819e,1
0xd0507c41f0edc2f10c1422333b7be2fd6e60569d,1
0xd06aafd7430bf6c09199fa2c8ba0689ef4e2590c,1
0xd07c2579a777ab27aa401b5a6adbaa18266533d3,1
0xd0c51afe8d42438e955db4ef6628d3ff84588ffe,1
0xd0e71970314a72e73163097b99687d573097053b,1
0xd17c9f8432f057031ea2705902c36729a7e3c66a,1
0xd1a5b91957530e1b3e9cfac1543467c60c352f69,1
0xd1fc993d34318251f4d7517eac987ea4b49d0b25,1
0xd20158d4280baac219ca9f257f22b5f07ca324d9,1
0xd226e980febdc34cc91bf07c256cdd4b5d78e7bb,1
0xd239ac8263be689033587be10f6e39237fce6dd7,1
0xd30699641aa218a574cbe823de8612e9adcc96e0,1
0xd3490541076d61cbd5f6b91139d0853c82ee0bc9,1
0xd34ce446eb5a576d8f6532915a9e406d527aabb4,1
0xd378677d58f2762d5988c12c4b36bed6ef3b0601,1
0xd37fb977f826e6c0049d7fc4fc2cd49e2c64a439,1
0xd3c66321a378d1cfe61f9b164448d0f5da3ec012,1
0xd4052041ca715228b96a81b8239fc85f686126bd,1
0xd4106b3849eebf6764c2fc4958a1754d642b58c6,1
0xd42ba95c2676340ffa2acd51456346e0f21dbedb,1
0xd44604244074d12025f5647d237e0bb21f44a9d8,1
0xd459adb1261e5f77da4399e79ffc3be4830e56cc,1
0xd4990a56358fa2e4680fed8f95e90918929fe677,1
0xd49a560a75cfd590f2aab9f47b875ac5cdf19329,1
0xd4bc446986f5824162f528c24f5116dfa059c517,1
0xd5512d138ea203c528fcd8e339fa3c93a6650265,1
0xd553fe129584198f36dcf6e54cd3176af2d5be0b,1
0xd55edbc965e5edde512a946a0b979a48027e63cc,1
0xd566ac97be0ab14d23ca9e5bfce7daa264eccb73,1
0xd56922a1655729ac2072ea673a0fed9c852b06a6,1
0xd5d74bffec4b1c945094383844aea8bd93073c4d,1
0xd65ed38dedebb0353f89e83d4d4499f9656ec01b,1
0xd67332346afae04b97fd97508e9a5fe8f7402c77,1
0xd67c07e38cc652b41716e0f23bf0a61eb665ad84,1
0xd6c3280e7b610b58ebd4c36ca707d717c2683c3e,1
0xd6d1f00aa47d4ed8b36cf60948ea8c3504c162c9,1
0xd77f0f1d7de1be13441c24dd923c2ec5056770cb,1
0xd78931cff13e0ce054a79c0201f137bba635bf4e,1
0xd7add659426d6ba528be1fc40cea76ae9a00a3d2,1
0xd7da28bff27d71f7c759741c44a04336ff04d26b,1
0xd7f02104bf96f9f9781dbc3df0d83617cc55eadb,1
0xd81aed4baa60b9cee8005450d3ca074e9db88580,1
0xd833a278e58019d366470647b591020f60fe2299,1
0xd83492467209b2fe000db2cbf8eae6a9349bb563,1
0xd83e8205a4691b57f9161afa05d90465cbbb5ff3,1
0xd89594d21df953c56405311cbc2537fd6b63b02f,1
0xd8aaa186db7214926cdd4c8ab5ef1d919913402f,1
0xd9414e2b5ee3cada0d757fdec2fa2e9df3172705,1
0xd9a65720ca15ff6adc30e431a7a2c4c364a397e8,1
0xd9c5fead70325025662c32b3b53321ccea6b3345,1
0xd9cbec070a4c5df66d6884fa804e17643ee763bb,1
0xda31160a4afc898c01a44f2f3b1b880b6356940d,1
0xda3b00292b0c0ec492f5c9d4be80397ccd56e4ef,1
0xda485b890e6c44e3b5da7df953cb0f5b4fe5a743,1
0xda6a90a09e6619dff40b5b4464c40ab446d8f972,1
0xdb065435e0658829dde69728d3ce05a466d8dc0e,1
0xdb2f65b5cacfee8037e7af493632840257b82307,1
0xdb5b95b545a2970f07d2aeb20f36b5f0ca4a2d35,1
0xdb939c4fb6c138af13a034028667359f1b8e74fc,1
0xdbc9c696dafd0995f129c81ec7341afce6f54d88,1
0xdbdf303ce87eb977a1c3dc20916ef002ce21cd50,1
0xdc065fb9bd6d5d6651e257e5799bd38eaf005fc6,1
0xdc0bdbc95d55c377f750c50a8627fe5f1969c4c7,1
0xdc2358e715a8753cd1cc85f19f7dbd8be97261c1,1
0xdc30c9de85e762909715234edc89203d7b76f808,1
0xdc5f012db2d33f181888c7581754da3706aa9a86,1
0xdc79dc231f3a7384ecd5a9bdc4676c8bd01c3c0b,1
0xdcb10e1095975cc4f6d2a6bce2d00d0674184d58,1
0xdcd776abe2567ebde2e3b6431071cae6e27492be,1
0xdd7cef9d220d9f88af5e5afc6f2fe4a15eca257e,1
0xddf9b76393e2a8592cdc6cf5539308326c277f39,1
0xde1f048761425969bd5295e24fd2c462018e167f,1
0xde856b7696d84189504d0f84426aaeba9912a12e,1
0xdf4032e3a7a09d66da120b038b0c26ac0cceb3e7,1
0xe054aac700c9aa60b461aa552c5a6be9f382521f,1
0xe0ba7081cdcb4c5ba05496bd6a63824740b786fe,1
0xe0e216283eef00895b6abaa73848448596b85724,1
0xe125d557fd03ac00e626e7b1b66b90dfc8425509,1
0xe19cccd55330c0013096cc4c2fd6dab4ed20d829,1
0xe1b9821b7941429b1fa127d6e8c43602d17c8504,1
0xe1d5671f28039c5355709a56102799049a039086,1
0xe238a65a0156d9561d77abdcfbfeab225f664365,1
0xe2611a1d7b8091ab5285770acf8a780e493314d7,1
0xe324c2478a8c2cb019c32609d60691f2fa362f0b,1
0xe33de23db957431bd78e1969b72606c96bdf28fe,1
0xe3663d0b0e7c6c6fd8ae9b37ff607a3fb064ef5f,1
0xe37259e302ec60a7074d319ea15fcffb5cc19971,1
0xe38dd570aa7c0de83d3e7faa4c1524b8e398030e,1
0xe3c28b0773d4e4f5995108ca0ce6ae372c0ffdb3,1
0xe3cc107321ab70cbd43cb2da37ea4e46755c43cb,1
0xe3f19c003238ddc7c078c54b95ff4d8d68cb1951,1
0xe45075a19efef9a46abb8c82484780b1e9abdc6d,1
0xe45c950efb371c331ffef421b5c8787c74830479,1
0xe4649e4021caff7fa6a6d79dd67807fd68f69fd9,1
0xe4c6751c37af887daabcee7cb44df149cc9857c4,1
0xe4fd329efffa5258946e8f14ab03095790388c21,1
0xe541c0c2804109866ba41ce50f728f58d65256a4,1
0xe57c61c0340f1a619b6ce36481b4a8059d100309,1
0xe58d86c7f727bb21114fd6ed479f8fe8db67ccf0,1
0xe5a88853dd5e8ded51e818e1d6e59eeff1a5fdd6,1
0xe5b0f31b041e7730c3f8aef407b0b4c0633ee4ee,1
0xe659d420db79d800dec4420319f5be1bd7ad0963,1
0xe6c8126c69b5f9d8a295b155c5d95ded20255fa4,1
0xe6e0de95f062fc9c013e130ca6760301c15a5745,1
0xe71d20acc7d96ee5d4ea480337430aaffcb2d483,1
0xe72720cd7f01df70287d05b6b0b6c15125dff75e,1
0xe759eafaf23a24a541dd315fd54b6426a961aa00,1
0xe75c9b1eb8d1b49861431c7a673928ad1c858fa4,1
0xe7ba7d6e8aec5105bf14752cb75806242389d669,1
0xe7ee794bdcbd80e794ddf1646b30806b820b534f,1
0xe8210e4cf2f4d9478837099426b5cee9de2bfa47,1
0xe836ea65179559e35d5957e679f1ad26fb075c47,1
0xe8cf545f7fce035ef4719eaa8e07a96fd5349465,1
0xe8d30bbd4c1a398e19df4654594fef11e9e13ef6,1
0xe8f194d5e1f59226c6f77028e82ab5564213f946,1
0xe91c651005a75fc891ed3c13d06a19073c1a1ea7,1
0xe95073c66c2cb70d717b7425920cd4309523b53d,1
0xe962d075bdf57243bd6bf888e46cf32eebedf006,1
0xe97f557c7991ed5290234b3225254d12df62732d,1
0xe9a830ab84558da8fbb7995306bdeda3f1f6d1de,1
0xe9bcb0f59dc73aa39f5486131c3f6614d36515e9,1
0xe9fcd6a6f88a2fe2272e8e19a7c3895aa941de24,1
0xea0c101c7edc4d81ed2d5b1cb917b964b829541f,1
0xea9533032a868099924b0243ad70f1bc0dfc7b49,1
0xea95e2f52f13b3c79b97e06a6f9a5ead3f520eca,1
0xeac5e702e9da37ce8630d1abf21de99ddb691d15,1
0xeada1d5c58697df6b2b8b1c8b91c981e7d507174,1
0xebb28d2c512ed1786b246c7a96328ab308ce0f42,1
0xebd13670628bd8439de886d538b21bc17cfbc398,1
0xebd97ebe45b469f5024903d6a4aba8b095998adf,1
0xec43d8e6433e1bb63e2d03bf5bc997f3bfe80ccd,1
0xec49834cc86be546d2074355a8de7796173624f2,1
0xec5897c5466558cef257401a92568b543af6a864,1
0xec999b3e78071c8277618acded05e87d55630731,1
0xecd62e50f8f5ada624a78093a6ad89c23d79cc5b,1
0xece56694505e1fadfaf16cc53306ea45f76c3a14,1
0xecf0d0fb6db9f0c8c84fd8a5274d5768574eaabd,1
0xecfda643db9df505363ba612b63509cac73fdcdd,1
0xed80eb082c1e642510be34112440be085df10cfe,1
0xede71d58eb92c4eb065d2709a08970f789e7084b,1
0xee361904c57469e27cc2297e84f68fba41e2c0c9,1
0xee40b443109078e209848ba3229d215a037f6a37,1
0xee6eced49d012a0b4092a62149b70182841bcb82,1
0xee8db32d1473d7ec7b198ae49f671e8f1cc6e95e,1
0xeea131abfd3ced3d8927f416b9f910dbf1bef314,1
0xf05e75e42272ec60ba6157d647924fd2de7a9495,1
0xf08006e55393c5123d6f11347ce0f8e6c6f9f021,1
0xf1b622da801ee602e3ffee5262108dd2b9149e88,1
0xf1e1d4fe37f616f28e502348d687156eafaee724,1
0xf1fa70f061fdd3021819aa77dedbb7554652ceba,1
0xf2540e02f4c36058efbb1c01efc62a47cce2df98,1
0xf3651a0480be4432572fffe7ba0f418efcc30965,1
0xf389dd95c732d5b0552597d95deae8092855624a,1
0xf47dacefc064ccfcc1d91c4cf402881bb9bf3746,1
0xf507d8235ec866cf78e5da89e59bcf141346bebe,1
0xf50ec32a973b4893ff5dcd5e7ef6a7f39c8d85b1,1
0xf511470999e3f45550b886a3b483cde0ad1b7201,1
0xf51dd9d3ff33565a534729429483871dffaecafe,1
0xf5c20f0d0db69b1f8979c1e5958a4225b6f715af,1
0xf60af0648feff8b67523ef997d8adfabf4a9681d,1
0xf646706dad836586387ffa74e32ec4865370cb0e,1
0xf6d4c06ac39aa51569cb3c61f2b01c836a145ec3,1
0xf6e96cac88a7ee5b7f9a95be251554b6fd151fa2,1
0xf75e90d3fe97c5e2413b01bfd07d003547119da7,1
0xf763c1aa52bbbc4bdf1c4263f120e1497a7d4118,1
0xf77980e1d270a839ebaae9af14fafc699a5f9dc0,1
0xf77d10da42e3a13780e64d9ed417ff3f0627bd5e,1
0xf7d2ac96785156c7b76fed90bd0ced72a259efaa,1
0xf80b896bc9c310576e14248f5f09d8934b5c4851,1
0xf838c986b9333d9a27815a07a729be4b1852b9d2,1
0xf86af2de93486a71b73770a0122bc1165289eb29,1
0xf8948d879830211017d5b3156dcd7b0f8a339a10,1
0xf8dda9a12eadbbd4cf98da27beba8c69af866966,1
0xf933f9f901ef96b5125e7c779770281b56e0e984,1
0xf9394998e01bf378531e42df2ebb90792eeecf96,1
0xf953ed008a0fd6b08cd98de579facc10a70d2165,1
0xf964176047f45458d7688f62694eb66f9ab361a7,1
0xf96b243fae69624ce4fd7a0bf8b0479dde6a8843,1
0xf97c14e245c94e628145caabfd14d73b2fc40004,1
0xf99d98d447e150e4fb3849b227d3d5275358ffbe,1
0xf9c071a620af51c13604f67e4a0cdd3a5a32d857,1
0xf9e3fd576f6bec76b0892827b4e491d5fc0875ae,1
0xf9f8fde8a4756caf3d86fb5301ab528c7772bcea,1
0xf9fc63022137d04a4e19f89ffbb09f46b98f05ac,1
0xfa1d743573ba57168fb6c1ca6dc2302de16ddcbb,1
0xfa40463f85c590180ad73734128f38da0596477d,1
0xfa4b47d26a8ec5b50c2d118c1d20058e7210512c,1
0xfaf7adba4dcbfe585071837129abc805d2cd093c,1
0xfb67d4a306ff26b648c3b093f19ddb18b2cc4953,1
0xfb7c71bcc5c594b12431f0d06d230ccad2b55d95,1
0xfbf744dbdcf59b20773c6bc7f9491500f40e8d40,1
0xfc07314df7da17fa9e8b1cb2b238b37c2038acd3,1
0xfc0dd7e6d44fd87a2c92113e4af8293221c5a13c,1
0xfc0e677cff6cc28cca710ba577b00797c8e60755,1
0xfc4b5f176a2a81c86dc8744a71a19bfd0a811c11,1
0xfc74429bfff417dedc877ff37ba3fbd69e3b4c7c,1
0xfceb2c2575dbbff5daaf7d05c6be477c0af29794,1
0xfd102a750c595d95ace7bdbed17e8b444891610d,1
0xfd240ca6235765e6989270142c9e9a4e705fbe53,1
0xfd41c43280f43aa6deffb30a6ddd7ea96dffb15c,1
0xfd7231566dedffa49d64caead03d2df2a06145ef,1
0xfda23d6358a2e2a40bbf35489b9cacecca0e18f9,1
0xfdc68b3c8f7d66f0e1745d5a31a1c6e925ed4e3b,1
0xfdcc646bbf2cce1c6e9b8441ab5706f7fbcd02e1,1
0xfdd867cc29822f89194f0f9c089f9903183d5423,1
0xfe34564e4251c32cf0a2268a9bef35009d9c9dbf,1
0xfe3f3ceab7266b5de5ae8738727b6cf82f7be76c,1
0xfe8c2cdb21029371690ca9a6430591058c17b2f3,1
0xfef8c288ef5b0d2dad7b392b46fc4a0c170fea91,1
0xff42e773e8e9c856966785bb7e7037698ebd544e,1